raw_title,raw_price,is_sold,auction_url
23k-Mile 2018 Mercedes-AMG C63 S Coupe,5400004152026,True,https://bringatrailer.com/listing/2018-mercedes-amg-c63-s-coupe-8/
40k-Mile 1996 Mercedes-Benz C280,590304102026,True,https://bringatrailer.com/listing/1996-mercedes-benz-c280-8/
Original-Owner 2012 Mercedes-Benz C350 Coupe,1325004052026,True,https://bringatrailer.com/listing/2012-mercedes-benz-c350-coupe-3/
5k-Mile 2023 Mercedes-AMG C63 S Coupe Final Edition,9000003242026,True,https://bringatrailer.com/listing/2023-mercedes-amg-c63-s-4/
19k-Mile 2005 Mercedes-Benz C240 Wagon,1200003222026,True,https://bringatrailer.com/listing/2005-mercedes-benz-c240-wagon-4/
Japanese-Market 1999 Mercedes-Benz C43 AMG Wagon,2175903222026,True,https://bringatrailer.com/listing/1999-mercedes-benz-c43-amg-47/
40k-Mile 2008 Mercedes-Benz C350 Sport Sedan,1125003212026,True,https://bringatrailer.com/listing/2008-mercedes-benz-c350-sport-sedan-3/
2012 Mercedes-Benz C63 AMG,1300003202026,True,https://bringatrailer.com/listing/2012-mercedes-benz-c63-amg-93/
26k-Mile 2012 Mercedes-Benz C63 AMG Coupe,3725003172026,True,https://bringatrailer.com/listing/2012-mercedes-benz-c63-amg-92/
"2,700-Mile 2020 Mercedes-AMG C63 S Sedan",5050003152026,True,https://bringatrailer.com/listing/2020-mercedes-benz-c63-s-amg-sedan/
2008 Mercedes-Benz C300 Sport Sedan,705003082026,True,https://bringatrailer.com/listing/2008-mercedes-benz-c300-sport-sedan-8/
44k-Mile 2013 Mercedes-Benz C63 AMG P31 Development Package,3500003032026,True,https://bringatrailer.com/listing/2013-mercedes-benz-c63-amg-51/
2003 Mercedes-Benz C320 Sport Wagon 6-Speed,930002262026,True,https://bringatrailer.com/listing/2003-mercedes-benz-c320-sport-wagon-4/
"4,200-Mile 2012 Mercedes-Benz C63 AMG Coupe",4500002262026,True,https://bringatrailer.com/listing/2012-mercedes-benz-c63-amg-91/
2004 Mercedes-Benz C240 Wagon,380002242026,True,https://bringatrailer.com/listing/2004-mercedes-benz-c240-wagon-8/
2023 Mercedes-AMG C63 S Coupe Final Edition,8700002242026,True,https://bringatrailer.com/listing/2023-mercedes-amg-c63-s-5/
42k-Mile 2015 Mercedes-Benz C300 Sedan,1085002202026,True,https://bringatrailer.com/listing/2015-mercedes-benz-c300-sedan-4/
46k-Mile 2012 Mercedes-Benz C350 Coupe,1025002202026,True,https://bringatrailer.com/listing/2012-mercedes-benz-c350-coupe-2/
2012 Mercedes-Benz C63 AMG Coupe P31 Development Package,3000002172026,True,https://bringatrailer.com/listing/2012-mercedes-benz-c63-amg-86/
1998 Mercedes-Benz C280,577502162026,True,https://bringatrailer.com/listing/1998-mercedes-benz-c280/
43k-Kilometer Japanese-Market 2010 Mercedes-Benz C63 AMG Wagon,3450002082026,True,https://bringatrailer.com/listing/2010-mercedes-benz-c63-amg-21/
2005 Mercedes-Benz C55 AMG,1350002082026,True,https://bringatrailer.com/listing/2005-mercedes-benz-cl55-amg-10/
2003 Mercedes-Benz C240 Sedan,350002082026,True,https://bringatrailer.com/listing/2003-mercedes-benz-c240-sedan-4/
2017 Mercedes-AMG C43 Sedan 4MATIC,1900002062026,True,https://bringatrailer.com/listing/2017-mercedes-benz-c43-amg-sedan/
2012 Mercedes-Benz C250 Sport Sedan,600002042026,True,https://bringatrailer.com/listing/2012-mercedes-benz-c250-sport-sedan-3/
2012 Mercedes-Benz C350 Sport Sedan,880002032026,True,https://bringatrailer.com/listing/2012-mercedes-benz-c350-sport-sedan/
2004 Mercedes-Benz C240 Sedan,435002012026,True,https://bringatrailer.com/listing/2004-mercedes-benz-c240-sedan-6/
22k-Mile 1998 Mercedes-Benz C43 AMG,5300001282026,True,https://bringatrailer.com/listing/1998-mercedes-benz-c43-amg-15-2/
42k-Mile 2000 Mercedes-Benz C230 Kompressor,1150001272026,True,https://bringatrailer.com/listing/2000-mercedes-benz-c230-kompressor-16/
"3,900-Mile 2019 Mercedes-AMG C63 S Cabriolet",5550001252026,True,https://bringatrailer.com/listing/2019-mercedes-amg-c63-s-cabriolet-5/
27k-Mile 2003 Mercedes-Benz C240 Sedan,600001242026,True,https://bringatrailer.com/listing/2003-mercedes-benz-c240-sedan-5/
2017 Mercedes-Benz C300 Sedan,1175001242026,True,https://bringatrailer.com/listing/2017-mercedes-benz-c300-sedan-3/
39k-Mile 2014 Mercedes-Benz C63 AMG Edition 507,3900001222026,True,https://bringatrailer.com/listing/2014-mercedes-benz-c63-amg-54/
30k-Mile 2007 Mercedes-Benz C230 Sport Sedan,830001222026,True,https://bringatrailer.com/listing/2007-mercedes-benz-c230-sport-sedan-9/
2006 Mercedes-Benz C230 Sport Sedan,633801182026,True,https://bringatrailer.com/listing/2006-mercedes-benz-c230-sport-sedan-9/
One-Owner 1997 Mercedes-Benz C280,400001182026,True,https://bringatrailer.com/listing/1997-mercedes-benz-c280-4/
2003 Mercedes-Benz C32 AMG,560001092026,True,https://bringatrailer.com/listing/2003-mercedes-benz-c32-amg-24/
Japanese-Market 2009 Mercedes-Benz C63 AMG Wagon,1635001072026,True,https://bringatrailer.com/listing/2009-mercedes-benz-c63-amg-51-2/
12k-Mile 2018 Mercedes-AMG C63 S Coupe,5000001062026,True,https://bringatrailer.com/listing/2018-mercedes-amg-c63-s-coupe-7/
2012 Mercedes-Benz C250 Sport Sedan,640001052026,True,https://bringatrailer.com/listing/2012-mercedes-benz-c250-sport-sedan-2/
27k-Mile 1999 Mercedes-Benz C230 Kompressor,1311112282025,True,https://bringatrailer.com/listing/1999-mercedes-benz-c230-kompressor-12/
2019 Mercedes-Benz C300 Sedan,2025012262025,True,https://bringatrailer.com/listing/2019-mercedes-benz-c300-sedan/
31k-Mile 2015 Mercedes-Benz C350 Coupe 4MATIC,1925012262025,True,https://bringatrailer.com/listing/2015-mercedes-benz-c350-coupe-2/
16k-Mile 2014 Mercedes-Benz C300 4MATIC Sport Sedan,1625012232025,True,https://bringatrailer.com/listing/2014-mercedes-benz-c300-sport-sedan/
6k-Mile 2012 Mercedes-Benz C63 AMG Black Series,16200012182025,True,https://bringatrailer.com/listing/2012-mercedes-benz-c63-amg-88/
2002 Mercedes-Benz C240 Sedan,680512152025,True,https://bringatrailer.com/listing/2002-mercedes-benz-c240-sedan-5/
41k-Mile 1999 Mercedes-Benz C280,939912142025,True,https://bringatrailer.com/listing/1999-mercedes-benz-c280-10/
1998 Mercedes-Benz C230,375012122025,True,https://bringatrailer.com/listing/1998-mercedes-benz-c230-9/
43k-Mile 2005 Mercedes-Benz C240 4MATIC Sedan,1000012092025,True,https://bringatrailer.com/listing/2005-mercedes-benz-c240-sedan-4/
Japanese-Market 2009 Mercedes-Benz C63 AMG Wagon,1900011262025,True,https://bringatrailer.com/listing/2009-mercedes-benz-c63-amg-51/
154-Mile 2023 Mercedes-AMG C63 S Coupe Final Edition,10600011172025,True,https://bringatrailer.com/listing/2023-mercedes-benz-c63-s-amg-2/
2006 Mercedes-Benz C55 AMG,750011162025,True,https://bringatrailer.com/listing/2006-mercedes-benz-c55-amg-33/
2012 Mercedes-Benz C300 4MATIC Sport Sedan,520011152025,True,https://bringatrailer.com/listing/2012-mercedes-benz-c300-sport-sedan-3/
2003 Mercedes-Benz C240 Wagon,1000011152025,True,https://bringatrailer.com/listing/2003-mercedes-benz-c240-wagon/
28k-Mile 2013 Mercedes-Benz C300 4MATIC Sport Sedan,1426311102025,True,https://bringatrailer.com/listing/2013-mercedes-benz-c300-sport-sedan-6/
2004 Mercedes-Benz C240 Wagon,550011082025,True,https://bringatrailer.com/listing/2004-mercedes-benz-c240-wagon-7/
36k-Mile 2007 Mercedes-Benz C230 Sport Sedan,1350011052025,True,https://bringatrailer.com/listing/2007-mercedes-benz-c230-sport-sedan-8/
2014 Mercedes-Benz C63 AMG Edition 507,2525011052025,True,https://bringatrailer.com/listing/2014-mercedes-benz-c63-amg-53/
2009 Mercedes-Benz C350 Sport Sedan,760011042025,True,https://bringatrailer.com/listing/2009-mercedes-benz-c350-sport-sedan-3/
50k-Mile 2011 Mercedes-Benz C300 4MATIC Sport Sedan,750011022025,True,https://bringatrailer.com/listing/2011-mercedes-benz-c300-sport-sedan-2/
35k-Mile 2005 Mercedes-Benz C55 AMG,1450010302025,True,https://bringatrailer.com/listing/2005-mercedes-benz-c55-amg-21-2/
2017 Mercedes-Benz C300 Sedan 4MATIC,1200010302025,True,https://bringatrailer.com/listing/2017-mercedes-benz-c300-sedan-2/
50k-Mile 1996 Mercedes-Benz C280,652310282025,True,https://bringatrailer.com/listing/1996-mercedes-benz-c280-7/
2006 Mercedes-Benz C55 AMG,1661410282025,True,https://bringatrailer.com/listing/2006-mercedes-benz-c55-amg-32/
2004 Mercedes-Benz C320 Sport Coupe,660010232025,True,https://bringatrailer.com/listing/2004-mercedes-benz-c320-sport-coupe-3/
2007 Mercedes-Benz C280 Sedan,660010222025,True,https://bringatrailer.com/listing/2007-mercedes-benz-c280-sedan-8/
46k-Mile 2006 Mercedes-Benz C230 Sport Sedan,710010212025,True,https://bringatrailer.com/listing/2006-mercedes-benz-c230-sport-sedan-7/
2008 Mercedes-Benz C300 Sport Sedan 6-Speed,1160010182025,True,https://bringatrailer.com/listing/2008-mercedes-benz-c300-sport-sedan-7/
900-Mile 2023 Mercedes-AMG C63 S Coupe Final Edition,10500010152025,True,https://bringatrailer.com/listing/2023-mercedes-amg-c63s-final-edition-2/
32k-Mile 2011 Mercedes-Benz C63 AMG P31 Development Package,3825010132025,True,https://bringatrailer.com/listing/2011-mercedes-benz-c63-amg-26/
2015 Mercedes-Benz C300 Sedan,1300010092025,True,https://bringatrailer.com/listing/2015-mercedes-benz-c300-sedan-3/
30k-Mile 2009 Mercedes-Benz C63 AMG,2600010062025,True,https://bringatrailer.com/listing/2009-mercedes-benz-c63-amg-53/
Mercedes-Benz C63 AMG Coupe Seats and Interior Trim,230010052025,True,https://bringatrailer.com/listing/mercedes-benz-c63amg-coupe-interior/
1999 Mercedes-Benz C230 Kompressor,400009252025,True,https://bringatrailer.com/listing/1999-mercedes-benz-c230-kompressor-11/
2006 Mercedes-Benz C280 Sedan,425009232025,True,https://bringatrailer.com/listing/2006-mercedes-benz-c280-sedan-5/
1999 Mercedes-Benz C43 AMG,1299909232025,True,https://bringatrailer.com/listing/1999-mercedes-benz-c43-amg-45/
14k-Mile 2012 Mercedes-Benz C63 AMG Black Series,13000009192025,True,https://bringatrailer.com/listing/2012-mercedes-benz-c63-amg-84/
2008 Mercedes-Benz C300 Sport Sedan 6-Speed,1275009172025,True,https://bringatrailer.com/listing/2008-mercedes-benz-c300-sport-sedan-6/
36k-Mile 2016 Mercedes-Benz C300 Sedan,1807709152025,True,https://bringatrailer.com/listing/2016-mercedes-benz-c300-sedan-3/
2015 Mercedes-Benz C400 4MATIC Sport Sedan,1600009142025,True,https://bringatrailer.com/listing/2015-mercedes-benz-c400-sedan-3/
2007 Mercedes-Benz C280 4MATIC Sedan,542509092025,True,https://bringatrailer.com/listing/2007-mercedes-benz-c280-sedan-7/
"2,200-Mile 2009 Mercedes-Benz C63 AMG",3375009022025,True,https://bringatrailer.com/listing/2009-mercedes-benz-c63-amg-52/
1995 Mercedes-Benz C36 AMG,777709022025,True,https://bringatrailer.com/listing/1995-mercedes-benz-c36-amg-26/
Euro 2000 Mercedes-Benz C220 CDI Wagon 5-Speed,3400009012025,True,https://bringatrailer.com/listing/2000-mercedes-benz-c220-cdi-wagon/
2002 Mercedes-Benz C230 Kompressor Sport Coupe,690008272025,True,https://bringatrailer.com/listing/2002-mercedes-benz-c230-kompressor-sport-coupe-7/
33k-Mile 1995 Mercedes-Benz C280,690008262025,True,https://bringatrailer.com/listing/1995-mercedes-benz-c280-14/
30k-Mile 2013 Mercedes-Benz C300 4MATIC Sport Sedan,1455008202025,True,https://bringatrailer.com/listing/2013-mercedes-benz-c300-sport-sedan-5/
14k-Mile 2006 Mercedes-Benz C280 Sedan,890008182025,True,https://bringatrailer.com/listing/2006-mercedes-benz-c280-sedan-4/
13k-Mile 2019 Mercedes-AMG C63 S Coupe,5900008182025,True,https://bringatrailer.com/listing/2019-mercedes-amg-c63-s-coupe-4/
2017 Mercedes-AMG C63 S Cabriolet,4325008172025,True,https://bringatrailer.com/listing/2017-mercedes-benz-c63-s-amg-cabriolet-4/
1999 Mercedes-Benz C280,585008152025,True,https://bringatrailer.com/listing/1999-mercedes-benz-c280-9/
34k-Mile 2005 Mercedes-Benz C55 AMG,2705508142025,True,https://bringatrailer.com/listing/2005-mercedes-benz-c55-amg-60/
1995 Mercedes-Benz C36 AMG,995008142025,True,https://bringatrailer.com/listing/1995-mercedes-benz-c36-amg-25/
2004 Mercedes-Benz C240 Wagon,390008132025,True,https://bringatrailer.com/listing/2004-mercedes-benz-c240-wagon-6/
32k-Mile 2010 Mercedes-Benz C300 4MATIC Sport Sedan,1400008042025,True,https://bringatrailer.com/listing/2010-mercedes-benz-c300-sport-sedan-3/
Original-Owner 2014 Mercedes-Benz C63 AMG Coupe,2625008022025,True,https://bringatrailer.com/listing/2014-mercedes-benz-c63-amg-50/
9k-Mile 2012 Mercedes-Benz C63 AMG Black Series,15000007302025,True,https://bringatrailer.com/listing/2012-mercedes-benz-c63-amg-82/
2006 Mercedes-Benz C280 4MATIC,605507292025,True,https://bringatrailer.com/listing/2006-mercedes-benz-c280-sedan-3/
40k-Mile 2001 Mercedes-Benz C240 Sedan,600007252025,True,https://bringatrailer.com/listing/2001-mercedes-benz-c240-sedan-6/
22k-Mile 2005 Mercedes-Benz C230 Kompressor Sport Coupe,830007242025,True,https://bringatrailer.com/listing/2005-mercedes-benz-c230-kompressor-sport-coupe-2/
35k-Mile 2005 Mercedes-Benz C230 Kompressor Sport Sedan,1180007202025,True,https://bringatrailer.com/listing/2005-mercedes-benz-c230-kompressor-sport-sedan-12/
33k-Mile 2004 Mercedes-Benz C230 Kompressor Sport Sedan 6-Speed,1000007202025,True,https://bringatrailer.com/listing/2004-mercedes-benz-c230-kompressor-sport-sedan-6/
1997 Mercedes-Benz C230,610007182025,True,https://bringatrailer.com/listing/1997-mercedes-benz-c230-10/
2003 Mercedes-Benz C32 AMG,1275007182025,True,https://bringatrailer.com/listing/2003-mercedes-benz-c32-amg-22/
"3,500-Mile 2009 Mercedes-Benz C63 AMG",3750007112025,True,https://bringatrailer.com/listing/2009-mercedes-benz-c63-amg-49/
29k-Mile 2015 Mercedes-AMG C63 S,3580507092025,True,https://bringatrailer.com/listing/2015-mercedes-amg-c63-s-7/
2005 Mercedes-Benz C230 Kompressor Sport Sedan 6-Speed,320007092025,True,https://bringatrailer.com/listing/2005-mercedes-benz-c230-kompressor-sport-sedan-11/
11k-Mile 2014 Mercedes-Benz C63 AMG Edition 507,4806307092025,True,https://bringatrailer.com/listing/2014-mercedes-benz-c63-amg-30-2-2/
2004 Mercedes-Benz C240 4MATIC Wagon,500007032025,True,https://bringatrailer.com/listing/2004-mercedes-benz-c240-wagon-5/
2014 Mercedes-Benz C63 AMG Edition 507,3125007022025,True,https://bringatrailer.com/listing/2014-mercedes-benz-c63-amg-51/
50k-Mile 2005 Mercedes-Benz C240 Sedan,900006302025,True,https://bringatrailer.com/listing/2005-mercedes-benz-c240-sedan-3/
26k-Mile 2012 Mercedes-Benz C63 AMG P31 Development Package,3850006242025,True,https://bringatrailer.com/listing/2012-mercedes-benz-c63-amg-p31/
17k-Mile 2006 Mercedes-Benz C230 Sport Sedan,944406122025,True,https://bringatrailer.com/listing/2006-mercedes-benz-c230-sport-sedan-4/
33k-Mile 2009 Mercedes-Benz C63 AMG,2525006112025,True,https://bringatrailer.com/listing/2009-mercedes-benz-c63-amg-47/
2017 Mercedes-AMG C63 S Cabriolet,4105006102025,True,https://bringatrailer.com/listing/2017-mercedes-amg-c63-s-cabriolet-5/
2007 Mercedes-Benz C280 Sedan 4MATIC,610006102025,True,https://bringatrailer.com/listing/2007-mercedes-benz-c280-sedan-4/
69k-Kilometer Japanese-Market 2008 Mercedes-Benz C250 Sedan,495006102025,True,https://bringatrailer.com/listing/2008-mercedes-benz-c250/
Japanese-Market 1999 Mercedes-Benz C43 AMG Station Wagon,2420206052025,True,https://bringatrailer.com/listing/1999-mercedes-benz-c43-amg-43-2/
2005 Mercedes-Benz C240 Sedan 4MATIC,890005302025,True,https://bringatrailer.com/listing/2005-mercedes-benz-c240-sedan-2/
2007 Mercedes-Benz C350 Sport Sedan,965005132025,True,https://bringatrailer.com/listing/2007-mercedes-benz-c350-sedan-2/
64k-Kilometer 2010 Mercedes-Benz C63 AMG Wagon,2600005122025,True,https://bringatrailer.com/listing/2009-mercedes-benz-c63-amg-21-2/
28k-Mile 2017 Mercedes-Benz C300 Cabriolet,2400005102025,True,https://bringatrailer.com/listing/2017-mercedes-benz-c300-cabriolet-4/
17k-Mile 2009 Mercedes-Benz C350 Sport Sedan,1540005092025,True,https://bringatrailer.com/listing/2009-mercedes-benz-c350-sport-sedan-2/
27k-Mile 2013 Mercedes-Benz C63 AMG P31 Development Package,4300005062025,True,https://bringatrailer.com/listing/2013-mercedes-benz-c63-amg-46/
2018 Mercedes-AMG C43 Sedan 4MATIC,1700004302025,True,https://bringatrailer.com/listing/2018-mercedes-benz-c43-amg-sedan/
1995 Mercedes-Benz C220,470004292025,True,https://bringatrailer.com/listing/1995-mercedes-benz-c220-14/
39k-Mile 2013 Mercedes-Benz C63 AMG Coupe,2950004262025,True,https://bringatrailer.com/listing/2013-mercedes-benz-c63-amg-45/
2009 Mercedes-Benz C63 AMG P30 AMG Performance Package,1575004242025,True,https://bringatrailer.com/listing/2009-mercedes-benz-c63-amg-44-2/
"2,600-Mile 2015 Mercedes-Benz C63 AMG Coupe Edition 507",7500004232025,True,https://bringatrailer.com/listing/2015-mercedes-benz-c63-amg-19/
40k-Mile 2016 Mercedes-AMG C63 S Sedan,3700004162025,True,https://bringatrailer.com/listing/2016-mercedes-benz-c63-s-amg-2/
2013 Mercedes-Benz C250 Sport Sedan,680004072025,True,https://bringatrailer.com/listing/2013-mercedes-benz-c250-sport-sedan-3/
2014 Mercedes-Benz C63 AMG Coupe Edition 507,3850004062025,True,https://bringatrailer.com/listing/2014-mercedes-benz-c63-amg-47/
2004 Mercedes-Benz C230 Kompressor Sport Sedan,665003292025,True,https://bringatrailer.com/listing/2004-mercedes-benz-c230-kompressor-sport-sedan-5/
2005 Mercedes-Benz C55 AMG,1700003242025,True,https://bringatrailer.com/listing/2005-mercedes-benz-c55-amg-57/
1999 Mercedes-Benz C43 AMG,2550003222025,True,https://bringatrailer.com/listing/1999-mercedes-benz-c43-amg-44/
34k-Mile 2008 Mercedes-Benz C300 Sport Sedan 6-Speed,1650003172025,True,https://bringatrailer.com/listing/2008-mercedes-benz-c300-sport-sedan-5/
2005 Mercedes-Benz C55 AMG,1375003172025,True,https://bringatrailer.com/listing/2005-mercedes-benz-c55-amg-58/
4k-Mile 2018 Mercedes-AMG C63 S Sedan,5150003132025,True,https://bringatrailer.com/listing/2018-mercedes-amg-c63-s-sedan/
2014 Mercedes-Benz C250 Sport Sedan,720003132025,True,https://bringatrailer.com/listing/2014-mercedes-benz-c250-sport-sedan-4/
2005 Mercedes-Benz C55 AMG,1550003102025,True,https://bringatrailer.com/listing/2005-mercedes-benz-c55-amg-49/
2000 Mercedes-Benz C230 Kompressor,280002272025,True,https://bringatrailer.com/listing/2000-mercedes-benz-c230-kompressor-13/
41k-Mile 2010 Mercedes-Benz C300 4MATIC Sedan,970002262025,True,https://bringatrailer.com/listing/2010-mercedes-benz-c300-luxury-sedan/
2009 Mercedes-Benz C63 AMG P30 AMG Performance Package,1900002252025,True,https://bringatrailer.com/listing/2009-mercedes-benz-c63-amg-44/
46k-Mile 2012 Mercedes-Benz C250 Sport Sedan,970002212025,True,https://bringatrailer.com/listing/2012-mercedes-benz-c250-sport-sedan/
38k-Mile 2002 Mercedes-Benz C320 Sedan,500002192025,True,https://bringatrailer.com/listing/2002-mercedes-benz-c320-sedan-4/
1998 Mercedes-Benz C43 AMG,470002132025,True,https://bringatrailer.com/listing/1998-mercedes-benz-c43-amg-28-2/
2009 Mercedes-Benz C63 AMG P30 Performance Package,2350002122025,True,https://bringatrailer.com/listing/2009-mercedes-benz-c63-amg-42/
30k-Mile 1995 Mercedes-Benz C280,745802062025,True,https://bringatrailer.com/listing/1995-mercedes-benz-c280-12/
2014 Mercedes-Benz C250 Sport Sedan,1109102052025,True,https://bringatrailer.com/listing/2014-mercedes-benz-c250-sport-sedan-2/
2012 Mercedes-Benz C63 AMG Black Series,7700002032025,True,https://bringatrailer.com/listing/2012-mercedes-benz-c63-amg-73/
37k-Mile 2010 Mercedes-Benz C350 Sport Sedan,1250001282025,True,https://bringatrailer.com/listing/2010-mercedes-benz-c350-sport-sedan-2/
"1,200-Mile 2012 Mercedes-Benz C63 AMG Black Series",17300001272025,True,https://bringatrailer.com/listing/2012-mercedes-benz-c63-amg-79/
2003 Mercedes-Benz C32 AMG,735001232025,True,https://bringatrailer.com/listing/2003-mercedes-benz-c32-amg-20/
2004 Mercedes-Benz C32 AMG,1825501132025,True,https://bringatrailer.com/listing/2004-mercedes-benz-c32-amg-8/
2005 Mercedes-Benz C55 AMG,830001072025,True,https://bringatrailer.com/listing/2005-mercedes-benz-c55-amg-56/
1998 Mercedes-Benz C43 AMG,627501032025,True,https://bringatrailer.com/listing/1998-mercedes-benz-c43-amg-28/
2007 Mercedes-Benz C230 Sport Sedan,820012262024,True,https://bringatrailer.com/listing/2007-mercedes-benz-c230-sport-sedan-6/
13k-Mile 2019 Mercedes-AMG C63 S Coupe,6050012202024,True,https://bringatrailer.com/listing/2019-mercedes-amg-c63-s-coupe-3/
Original-Owner 2002 Mercedes-Benz C32 AMG,943212172024,True,https://bringatrailer.com/listing/2002-mercedes-benz-c32-amg-9/
2004 Mercedes-Benz C320 Sedan,340012152024,True,https://bringatrailer.com/listing/2004-mercedes-benz-c320-sedan-2/
19k-Mile 1999 Mercedes-Benz C280,1225012122024,True,https://bringatrailer.com/listing/1999-mercedes-benz-c280-8/
2013 Mercedes-Benz C250 Sport Sedan,960012122024,True,https://bringatrailer.com/listing/2013-mercedes-benz-c250-sport-sedan-2/
8k-Mile 1996 Mercedes-Benz C220,670012102024,True,https://bringatrailer.com/listing/1996-mercedes-benz-c220-3/
5k-Mile 2012 Mercedes-Benz C63 AMG Coupe,4000012032024,True,https://bringatrailer.com/listing/2012-mercedes-benz-c63-amg-75/
One-Owner 2004 Mercedes-Benz C320 Wagon,730011292024,True,https://bringatrailer.com/listing/2004-mercedes-benz-c320-wagon-3/
38k-Mile 2004 Mercedes-Benz C240 Sedan 4MATIC,690011292024,True,https://bringatrailer.com/listing/2004-mercedes-benz-c240-sedan-4/
Mercedes-AMG Performance Seats for W205 C63 S,290011252024,True,https://bringatrailer.com/listing/seats-61/
1999 Mercedes-Benz C230 Kompressor,641911212024,True,https://bringatrailer.com/listing/1999-mercedes-benz-c230-kompressor-9/
2005 Mercedes-Benz C55 AMG,1250011212024,True,https://bringatrailer.com/listing/2005-mercedes-benz-c55-amg-52/
2014 Mercedes-Benz C63 AMG Sedan Edition 507,3950011192024,True,https://bringatrailer.com/listing/2014-mercedes-benz-c63-amg-42/
2012 Mercedes-Benz C63 AMG,1625011112024,True,https://bringatrailer.com/listing/2012-mercedes-benz-c63-amg-74/
"2,200-Mile 2014 Mercedes-Benz C63 AMG Coupe Edition 507",6650011092024,True,https://bringatrailer.com/listing/2014-mercedes-benz-c63-amg-38-2/
1997 Mercedes-Benz C280,700111062024,True,https://bringatrailer.com/listing/1997-mercedes-benz-c280-3/
Original-Owner 2006 Mercedes-Benz C230 Sport Sedan,695511032024,True,https://bringatrailer.com/listing/2006-mercedes-benz-c230-sport-sedan-3/
49k-Mile 2005 Mercedes-Benz C55 AMG,1999910312024,True,https://bringatrailer.com/listing/2005-mercedes-benz-c55-amg-53/
2001 Mercedes-Benz C240 Sedan,400010222024,True,https://bringatrailer.com/listing/2001-mercedes-benz-c240-sedan-2/
2014 Mercedes-Benz C63 AMG Sedan Edition 507,4350010212024,True,https://bringatrailer.com/listing/2014-mercedes-benz-c63-amg-40/
34k-Mile 2008 Mercedes-Benz C300 Sport Sedan 6-Speed,1650010162024,True,https://bringatrailer.com/listing/2008-mercedes-benz-c300-sport-sedan-4/
1997 Mercedes-Benz C230,855010152024,True,https://bringatrailer.com/listing/1997-mercedes-benz-c230-9/
2004 Mercedes-Benz C240 Sedan,525009282024,True,https://bringatrailer.com/listing/2004-mercedes-benz-c240-sedan-3/
48k-Mile 2014 Mercedes-Benz C63 AMG Coupe Edition 507,4050009242024,True,https://bringatrailer.com/listing/2014-mercedes-benz-c63-amg-edition-507/
2005 Mercedes-Benz C230 Kompressor Sport Sedan 6-Speed,1250009212024,True,https://bringatrailer.com/listing/2005-mercedes-benz-c230-kompressor-sport-sedan-10/
2009 Mercedes-Benz C63 AMG,1125009202024,True,https://bringatrailer.com/listing/2009-mercedes-benz-c63-amg-41/
2002 Mercedes-Benz C240 6-Speed Sedan,670009142024,True,https://bringatrailer.com/listing/2002-mercedes-benz-c240-sedan-4-2/
Japanese-Market 1996 Mercedes-Benz C280 Sport,1340009132024,True,https://bringatrailer.com/listing/1996-mercedes-benz-c280-sport/
2011 Mercedes-Benz C63 AMG,2100009132024,True,https://bringatrailer.com/listing/2011-mercedes-benz-c63-amg-24/
2015 Mercedes-Benz C63 AMG Edition 507,3500009022024,True,https://bringatrailer.com/listing/2015-mercedes-benz-c63-amg-14/
23k-Mile 2005 Mercedes-Benz C55 AMG,2850008302024,True,https://bringatrailer.com/listing/2005-mercedes-benz-c55-amg-36/
14k-Mile 2010 Mercedes-Benz C350 Sport Sedan,2175008292024,True,https://bringatrailer.com/listing/2010-mercedes-benz-c350-sport-sedan/
45k-Mile 2001 Mercedes-Benz C320 Sedan,695008282024,True,https://bringatrailer.com/listing/2001-mercedes-benz-c320-sedan/
2012 Mercedes-Benz C63 AMG P31 Development Package,2500008272024,True,https://bringatrailer.com/listing/2012-mercedes-benz-c63-amg-72/
2005 Mercedes-Benz C240 4MATIC Wagon,1025008262024,True,https://bringatrailer.com/listing/2005-mercedes-benz-c240-wagon-3/
2002 Mercedes-Benz C240 6-Speed Sedan,730008202024,True,https://bringatrailer.com/listing/2002-mercedes-benz-c240-sedan-4/
6k-Mile 2014 Mercedes-Benz C63 AMG Sedan Edition 507,7100008162024,True,https://bringatrailer.com/listing/2014-mercedes-benz-c63-amg-39/
26k-Mile 2004 Mercedes-Benz C240 Wagon,1365008142024,True,https://bringatrailer.com/listing/2004-mercedes-benz-c240-wagon-3/
"3,500-Kilometer 2015 Mercedes-Benz C63 AMG Coupe Edition 507",7100008082024,True,https://bringatrailer.com/listing/2015-mercedes-amg-c63-4/
2004 Mercedes-Benz C230 Kompressor Sport Sedan,850008032024,True,https://bringatrailer.com/listing/2004-mercedes-benz-c230-kompressor-sport-sedan-3/
14k-Mile 2014 Mercedes-Benz C63 AMG Edition 507,5250008012024,True,https://bringatrailer.com/listing/2014-mercedes-benz-c63-amg-27-2-2/
13k-Mile 2008 Mercedes-Benz C300,1430007302024,True,https://bringatrailer.com/listing/2008-mercedes-benz-c300/
35k-Mile 2005 Mercedes-Benz C230 Kompressor Sport Coupe,760007232024,True,https://bringatrailer.com/listing/2005-mercedes-benz-c230-kompressor-sport-coupe/
46k-Mile 2006 Mercedes-Benz C350 Sedan,705007232024,True,https://bringatrailer.com/listing/2006-mercedes-benz-c350-sedan-4/
2011 Mercedes-Benz C300 4MATIC Sedan,970007232024,True,https://bringatrailer.com/listing/2011-mercedes-benz-c300-luxury-sedan/
2011 Mercedes-Benz C350 Sport Sedan,1050007202024,True,https://bringatrailer.com/listing/2011-mercedes-benz-c350-sport-sedan/
34k-Mile 2014 Mercedes-Benz C63 AMG Edition 507 Coupe,4700007142024,True,https://bringatrailer.com/listing/2014-mercedes-benz-c63-amg-37/
8k-Mile 2013 Mercedes-Benz C63 AMG Coupe,4750007132024,True,https://bringatrailer.com/listing/2013-mercedes-benz-c63-amg-43/
14k-Mile 2017 Mercedes-AMG C63 S Cabriolet,4925007052024,True,https://bringatrailer.com/listing/2017-mercedes-benz-c63-s-amg-cabriolet-2/
2012 Mercedes-Benz C63 AMG P31 Development Package,3300007052024,True,https://bringatrailer.com/listing/2012-mercedes-benz-c63-amg-70/
10k-Mile 2020 Mercedes-AMG C63 S Cabriolet,6500006272024,True,https://bringatrailer.com/listing/2020-mercedes-amg-c63-s-cabriolet-2/
2012 Mercedes-Benz C63 AMG P31 Development Package,3450006262024,True,https://bringatrailer.com/listing/2012-mercedes-benz-c63-amg-71/
2012 Mercedes-Benz C350 Coupe,1000006252024,True,https://bringatrailer.com/listing/2012-mercedes-benz-c350-coupe/
1995 Mercedes-Benz C36 AMG,1200006192024,True,https://bringatrailer.com/listing/1995-mercedes-benz-c36-amg-24/
6k-Mile 2013 Mercedes-Benz C63 AMG Coupe,4500006182024,True,https://bringatrailer.com/listing/2013-mercedes-benz-c63-amg-42/
38k-Mile 2005 Mercedes-Benz C230 Kompressor Sport Sedan,790006162024,True,https://bringatrailer.com/listing/2005-mercedes-benz-c230-kompressor-sport-sedan-9/
39k-Mile 2003 Mercedes-Benz C240 Sedan,830006152024,True,https://bringatrailer.com/listing/2003-mercedes-benz-c240-sedan-3/
2004 Mercedes-Benz C32 AMG,980006142024,True,https://bringatrailer.com/listing/2004-mercedes-benz-c32-amg-6/
47k-Mile 2006 Mercedes-Benz C230 Sport Sedan,820006082024,True,https://bringatrailer.com/listing/2006-mercedes-benz-c230-sport-sedan-2/
Supercharged 1999 Mercedes-Benz C43 AMG,1199906052024,True,https://bringatrailer.com/listing/1999-mercedes-benz-c43-amg-40/
37k-Mile 2003 Mercedes-Benz C240 4MATIC Sedan,820006022024,True,https://bringatrailer.com/listing/2003-mercedes-benz-c240-sedan-2/
32k-Mile 2015 Mercedes-Benz C63 AMG Edition 507,4550705292024,True,https://bringatrailer.com/listing/2015-mercedes-benz-c63-amg-12/
5.4L-Powered 1999 Mercedes-Benz C43 AMG,935505252024,True,https://bringatrailer.com/listing/1999-mercedes-benz-c43-amg-39/
12k-Mile 2007 Mercedes-Benz C230 Sport Sedan,1450005252024,True,https://bringatrailer.com/listing/2007-mercedes-benz-c230-sport-sedan-5/
2014 Mercedes-Benz C63 AMG Edition 507,3500005222024,True,https://bringatrailer.com/listing/2014-mercedes-benz-c63-amg-32/
1999 Mercedes-Benz C43 AMG,850005172024,True,https://bringatrailer.com/listing/1999-mercedes-benz-c43-amg-38/
27k-Mile 2013 Mercedes-Benz C63 AMG Coupe,3675005172024,True,https://bringatrailer.com/listing/2013-mercedes-benz-c63-amg-40/
"2,800-Mile 2012 Mercedes-Benz C63 AMG Black Series",17350005172024,True,https://bringatrailer.com/listing/2012-mercedes-benz-c63-amg-black-series-w-track-package/
35k-Mile 2014 Mercedes-Benz C63 AMG,3700005132024,True,https://bringatrailer.com/listing/2014-mercedes-benz-c63-amg-35/
11k-Mile 2010 Mercedes-Benz C300 Sedan,1250005112024,True,https://bringatrailer.com/listing/2010-mercedes-benz-c300-sedan/
2012 Mercedes-Benz C63 AMG Coupe,2425005052024,True,https://bringatrailer.com/listing/2012-mercedes-benz-c63-amg-68/
20k-Mile 2017 Mercedes-Benz C300 Cabriolet 4MATIC,2635005022024,True,https://bringatrailer.com/listing/2017-mercedes-benz-c300-cabriolet-3/
2012 Mercedes-Benz C300 4MATIC Sport Sedan,1111104272024,True,https://bringatrailer.com/listing/2012-mercedes-benz-c300-sport-sedan/
2004 Mercedes-Benz C320 Wagon,770004272024,True,https://bringatrailer.com/listing/2004-mercedes-benz-c320-wagon-2-2/
2009 Mercedes-Benz C300 4MATIC Sport Sedan,810004202024,True,https://bringatrailer.com/listing/2009-mercedes-benz-c300-sport-sedan/
21k-Mile 1998 Mercedes-Benz C230,1200004182024,True,https://bringatrailer.com/listing/1998-mercedes-benz-c230-6/
8k-Mile 2014 Mercedes-Benz C63 AMG Edition 507,6000004062024,True,https://bringatrailer.com/listing/2014-mercedes-benz-c63-amg-30-2/
33k-Mile 1995 Mercedes-Benz C280,650004042024,True,https://bringatrailer.com/listing/1995-mercedes-benz-c280-11/
2023 Mercedes-AMG C63 S Coupe Final Edition,11900003312024,True,https://bringatrailer.com/listing/2023-mercedes-benz-c63-s-amg-coupe-final-edition-2/
50k-Mile 1996 Mercedes-Benz C280,755503282024,True,https://bringatrailer.com/listing/1996-mercedes-benz-c280-5/
2002 Mercedes-Benz C240 Sedan 6-Speed,1050003282024,True,https://bringatrailer.com/listing/2002-mercedes-benz-c240-sedan-3/
30k-Mile 2000 Mercedes-Benz C230 Kompressor,1175003272024,True,https://bringatrailer.com/listing/2000-mercedes-benz-c230-kompressor-12/
35k-Mile 2014 Mercedes-Benz C63 AMG,3150003262024,True,https://bringatrailer.com/listing/2014-mercedes-benz-c63-amg-33/
41k-Mile 1997 Mercedes-Benz C230,680003192024,True,https://bringatrailer.com/listing/1997-mercedes-benz-c230-6/
1999 Mercedes-Benz C280,469903132024,True,https://bringatrailer.com/listing/1999-mercedes-benz-c280-6/
1997 Mercedes-Benz C280,898803012024,True,https://bringatrailer.com/listing/1997-mercedes-benz-c280/
2013 Mercedes-Benz C300 4MATIC Sport Sedan,1875002262024,True,https://bringatrailer.com/listing/2013-mercedes-benz-c300-sport-sedan-3/
13k-Mile 2013 Mercedes-Benz C250 Coupe,1550002242024,True,https://bringatrailer.com/listing/2013-mercedes-benz-c250-coupe/
14k-Mile 2014 Mercedes-Benz C63 AMG Edition 507,5550002222024,True,https://bringatrailer.com/listing/2014-mercedes-benz-c63-amg-27-2/
2004 Mercedes-Benz C320 Wagon,690102132024,True,https://bringatrailer.com/listing/2004-mercedes-benz-c320-wagon-2/
1999 Mercedes-Benz C230 Kompressor,610002102024,True,https://bringatrailer.com/listing/1999-mercedes-benz-c230-kompressor-7/
2005 Mercedes-Benz C230 Kompressor Sport Sedan,770001292024,True,https://bringatrailer.com/listing/2005-mercedes-benz-c230-kompressor-sport-sedan-7/
2004 Mercedes-Benz C320 Wagon,670001282024,True,https://bringatrailer.com/listing/2004-mercedes-benz-c320-wagon/
40k-Mile 2003 Mercedes-Benz C320 Sedan,820001172024,True,https://bringatrailer.com/listing/2003-mercedes-benz-c320-sedan/
22k-Mile 2002 Mercedes-Benz C230 Kompressor Sport Coupe 6-Speed,1491801092024,True,https://bringatrailer.com/listing/2002-mercedes-benz-c230-kompressor-sport-coupe-6/
2005 Mercedes-Benz C55 AMG,730001052024,True,https://bringatrailer.com/listing/2005-mercedes-benz-c55-amg-48/
40k-Mile 2005 Mercedes-Benz C230 Kompressor Sport Sedan,1032001042024,True,https://bringatrailer.com/listing/2005-mercedes-benz-c230-kompressor-sport-sedan-6/
2000 Mercedes-Benz C230 Kompressor,350001042024,True,https://bringatrailer.com/listing/2000-mercedes-benz-c230-kompressor-11/
1995 Mercedes-Benz C36 AMG,1100012262023,True,https://bringatrailer.com/listing/1995-mercedes-benz-c36-amg-23/
2005 Mercedes-Benz C55 AMG,570012192023,True,https://bringatrailer.com/listing/2005-mercedes-benz-c55-amg-47/
8k-Mile 2012 Mercedes-Benz C63 AMG Black Series,15606312172023,True,https://bringatrailer.com/listing/2012-mercedes-benz-c63-amg-66/
2014 Mercedes-Benz C63 AMG Edition 507,3950012132023,True,https://bringatrailer.com/listing/2014-mercedes-benz-c63-amg-31/
2004 Mercedes-Benz C240 Wagon,600012122023,True,https://bringatrailer.com/listing/2004-mercedes-benz-c240-wagon-2/
46k-Mile 2007 Mercedes-Benz C230 Sport Sedan,900012112023,True,https://bringatrailer.com/listing/2007-mercedes-benz-c230-sport-sedan-4/
2023 Mercedes-AMG C63 S Coupe Final Edition,12900012112023,True,https://bringatrailer.com/listing/2023-mercedes-amg-c63s-final-edition/
26k-Mile 2003 Mercedes-Benz C240 Sedan,1200512062023,True,https://bringatrailer.com/listing/2003-mercedes-benz-c240-sedan/
27k-Mile 2002 Mercedes-Benz C240 Sedan 6-Speed,995012042023,True,https://bringatrailer.com/listing/2002-mercedes-benz-c240-sedan-2/
37k-Mile 2007 Mercedes-Benz C230 Sport Sedan,1155512032023,True,https://bringatrailer.com/listing/2007-mercedes-benz-c230-sport-sedan-3/
2007 Mercedes-Benz C280 4MATIC Sedan,1025011252023,True,https://bringatrailer.com/listing/2007-mercedes-benz-c280-sedan-2/
2005 Mercedes-Benz C55 AMG,1499911252023,True,https://bringatrailer.com/listing/2005-mercedes-benz-c55-amg-46/
2002 Mercedes-Benz C320 Sedan,798911212023,True,https://bringatrailer.com/listing/2002-mercedes-benz-c320-sedan-3-2/
2003 Mercedes-Benz C32 AMG,1535011202023,True,https://bringatrailer.com/listing/2003-mercedes-benz-c32-amg-18/
2004 Mercedes-Benz C32 AMG,1385011122023,True,https://bringatrailer.com/listing/2004-mercedes-benz-c32-amg-5/
38k-Mile 2007 Mercedes-Benz C230 Sport Sedan,1025011112023,True,https://bringatrailer.com/listing/2007-mercedes-benz-c230-sport-sedan-2/
2020 Mercedes-AMG C63 S Sedan,5950011062023,True,https://bringatrailer.com/listing/2020-mercedes-amg-c63-s-sedan/
48k-Mile 2005 Mercedes-Benz C230 Kompressor Sport Sedan,980011032023,True,https://bringatrailer.com/listing/2005-mercedes-benz-c230-kompressor-sport-sedan-4/
1996 Mercedes-Benz C280,680011022023,True,https://bringatrailer.com/listing/1996-mercedes-benz-c280-4/
1997 Mercedes-Benz C36 AMG,1100010262023,True,https://bringatrailer.com/listing/1997-mercedes-benz-c36-amg-6/
2003 Mercedes-Benz C32 AMG,1350010252023,True,https://bringatrailer.com/listing/2003-mercedes-benz-c32-amg-16/
2003 Mercedes-Benz C32 AMG,1380010122023,True,https://bringatrailer.com/listing/2003-mercedes-benz-c32-amg-17/
2010 Mercedes-Benz C63 AMG P31 Development Package,2975010062023,True,https://bringatrailer.com/listing/2010-mercedes-benz-c63-amg-18/
1998 Mercedes-Benz C43 AMG,2000010062023,True,https://bringatrailer.com/listing/1998-mercedes-benz-c43-amg-26/
7k-Mile 2012 Mercedes-Benz C63 AMG Black Series,15300010032023,True,https://bringatrailer.com/listing/2012-mercedes-benz-c63-amg-64-2/
2002 Mercedes-Benz C32 AMG,1450009292023,True,https://bringatrailer.com/listing/2002-mercedes-benz-c32-amg-5/
37k-Mile 2007 Mercedes-Benz C230 Sport Sedan,1180009262023,True,https://bringatrailer.com/listing/2007-mercedes-benz-c230-sport-sedan/
12k-Mile 2017 Mercedes-AMG C63 S Coupe,5255509242023,True,https://bringatrailer.com/listing/2017-mercedes-amg-c63-s-coupe/
2013 Mercedes-Benz C63 AMG P31 Development Package,3325009202023,True,https://bringatrailer.com/listing/2013-mercedes-benz-c63-amg-37/
2014 Mercedes-Benz C63 AMG,3000009062023,True,https://bringatrailer.com/listing/2014-mercedes-benz-c63-amg-28/
34k-Mile 2014 Mercedes-Benz C63 AMG Coupe,3575009042023,True,https://bringatrailer.com/listing/2014-mercedes-benz-c63-amg-2-2/
7k-Mile 2012 Mercedes-Benz C63 AMG Black Series,16200008272023,True,https://bringatrailer.com/listing/2012-mercedes-benz-c63-amg-64/
39k-Mile 2002 Mercedes-Benz C320 Sedan,960008262023,True,https://bringatrailer.com/listing/2002-mercedes-benz-c320-sedan-2/
2019 Mercedes-AMG C63 S Cabriolet,6500008262023,True,https://bringatrailer.com/listing/2019-mercedes-amg-c63-s-cabriolet-2/
27k-Mile 2004 Mercedes-Benz C230 Kompressor Sport Sedan,1075008242023,True,https://bringatrailer.com/listing/2004-mercedes-benz-c230-kompressor-sport-sedan/
27k-Mile 2017 Mercedes-AMG C63 S Sedan,5650008242023,True,https://bringatrailer.com/listing/2017-mercedes-benz-c63-s-amg-sedan/
25k-Mile 2008 Mercedes-Benz C300 4MATIC Sport Sedan,1425008232023,True,https://bringatrailer.com/listing/2008-mercedes-benz-c300-sport-sedan-2/
2011 Mercedes-Benz C63 AMG Sedan,2116308202023,True,https://bringatrailer.com/listing/2011-mercedes-benz-c63-amg-20/
6k-Mile 2012 Mercedes-Benz C63 AMG Black Series,18800008202023,True,https://bringatrailer.com/listing/2012-mercedes-benz-c63-amg-65/
1999 Mercedes-Benz C280,870008172023,True,https://bringatrailer.com/listing/1999-mercedes-benz-c280-4/
2006 Mercedes-Benz C55 AMG,2225008132023,True,https://bringatrailer.com/listing/2006-mercedes-benz-c55-amg-29/
2005 Mercedes-Benz C230 Kompressor Sport Sedan,1250008112023,True,https://bringatrailer.com/listing/2005-mercedes-benz-c230-kompressor-sport-sedan-3/
44k-Mile 1994 Mercedes-Benz C280,930008102023,True,https://bringatrailer.com/listing/1994-mercedes-benz-c280/
2005 Mercedes-Benz C320 4MATIC,938808032023,True,https://bringatrailer.com/listing/2005-mercedes-benz-c320-5/
2006 Mercedes-Benz C280 4MATIC Sedan,870007282023,True,https://bringatrailer.com/listing/2006-mercedes-benz-c280-sedan-2/
2014 Mercedes-Benz C63 AMG Edition 507,4250007282023,True,https://bringatrailer.com/listing/2014-mercedes-benz-c63-amg-25/
26k-Mile 2008 Mercedes-Benz C300 Sport Sedan,1380007262023,True,https://bringatrailer.com/listing/2008-mercedes-benz-c300-sport-sedan/
19k-Mile 1998 Mercedes-Benz C230,1100007172023,True,https://bringatrailer.com/listing/1998-mercedes-benz-c230-5/
50k-Mile 2005 Mercedes-Benz C240 4MATIC Sedan,860507092023,True,https://bringatrailer.com/listing/2005-mercedes-benz-c240-sedan/
34k-Mile 2000 Mercedes-Benz C230 Kompressor,920007092023,True,https://bringatrailer.com/listing/2000-mercedes-benz-c230-kompressor-10/
30k-Mile 2002 Mercedes-Benz C320 Sedan,730007082023,True,https://bringatrailer.com/listing/2002-mercedes-benz-c320-sedan/
2006 Mercedes-Benz C280 Sedan,1025006252023,True,https://bringatrailer.com/listing/2006-mercedes-benz-c280-sedan/
2004 Mercedes-Benz C320 Sedan,975006252023,True,https://bringatrailer.com/listing/2004-mercedes-benz-c320-sedan/
49k-Mile 2002 Mercedes-Benz C240 Sedan,890006222023,True,https://bringatrailer.com/listing/2002-mercedes-benz-c240-sedan/
2000 Mercedes-Benz C230 Kompressor,490006212023,True,https://bringatrailer.com/listing/2000-mercedes-benz-c230-kompressor-9/
1995 Mercedes-Benz C36 AMG,1450006142023,True,https://bringatrailer.com/listing/1995-mercedes-benz-c36-amg-21/
15k-Kilometer 2013 Mercedes-Benz C63 AMG Coupe Black Series,12000006092023,True,https://bringatrailer.com/listing/2013-mercedes-benz-c63-amg-36/
2014 Mercedes-Benz C63 AMG Edition 507,4100006072023,True,https://bringatrailer.com/listing/2014-mercedes-benz-c63-amg-24/
1995 Mercedes-Benz C220,750006062023,True,https://bringatrailer.com/listing/1995-mercedes-benz-c220-13/
2015 Mercedes-Benz C200 Coupe Track Car,2500006062023,True,https://bringatrailer.com/listing/mercedes-benz-c200-coupe-track-car/
6k-Mile 2008 Mercedes-Benz C350 Sport Sedan,1725006022023,True,https://bringatrailer.com/listing/2008-mercedes-benz-c350-sport/
38k-Mile 2007 Mercedes-Benz C280 4MATIC Sedan,1150006022023,True,https://bringatrailer.com/listing/2007-mercedes-benz-c-9/
2012 Mercedes-Benz C63 AMG Black Series,7605506022023,True,https://bringatrailer.com/listing/2012-mercedes-benz-c63-amg-62/
7k-Mile 2012 Mercedes-Benz C63 AMG Sedan,5250005272023,True,https://bringatrailer.com/listing/2012-mercedes-benz-c63-amg-63/
2011 Mercedes-Benz C63 AMG P31 Development Package,2755505152023,True,https://bringatrailer.com/listing/2011-mercedes-benz-c63-amg-18/
23k-Mile 2005 Mercedes-Benz C230 Kompressor Sport Sedan,1300105052023,True,https://bringatrailer.com/listing/2005-mercedes-benz-c230-11/
41k-Mile 1999 Mercedes-Benz C43 AMG,3300005012023,True,https://bringatrailer.com/listing/1999-mercedes-benz-c43-amg-34/
2005 Mercedes-Benz C240 4MATIC Wagon,1025004212023,True,https://bringatrailer.com/listing/2005-mercedes-benz-c240-wagon-4-matic/
9k-Miles 2008 Mercedes-Benz C300 4MATIC Sedan,1750004192023,True,https://bringatrailer.com/listing/2008-mercedes-benz-c300-4matic/
33k-Mile 2007 Mercedes-Benz C230 Sport Sedan,1675004142023,True,https://bringatrailer.com/listing/2007-mercedes-benz-c230-sport-2/
47k-Mile 1996 Mercedes-Benz C220,770004102023,True,https://bringatrailer.com/listing/1996-mercedes-benz-c220/
2014 Mercedes-Benz C63 AMG Coupe,4250004072023,True,https://bringatrailer.com/listing/2014-mercedes-benz-c63-amg-22/
1995 Mercedes-Benz C220,464504032023,True,https://bringatrailer.com/listing/1995-mercedes-benz-c220-9/
2017 Mercedes-AMG C63 Cabriolet,5000003302023,True,https://bringatrailer.com/listing/2017-mercedes-amg-c63-amg-3/
2002 Mercedes-Benz C240 6-Speed,980003252023,True,https://bringatrailer.com/listing/2002-mercedes-benz-c240-4/
50k-Mile 2005 Mercedes-Benz C55 AMG,1925003242023,True,https://bringatrailer.com/listing/2005-mercedes-benz-c55-amg-41/
Japanese-Market 1997 Mercedes-Benz C36 AMG,1525003232023,True,https://bringatrailer.com/listing/1997-mercedes-benz-c36-amg-4/
30k-Mile 2012 Mercedes-Benz C63 AMG Black Series,8788803202023,True,https://bringatrailer.com/listing/2012-mercedes-benz-c63-amg-60/
1999 Mercedes-Benz C43 AMG,840003182023,True,https://bringatrailer.com/listing/1999-mercedes-benz-c43-amg-33/
1995 Mercedes-Benz C220,700003172023,True,https://bringatrailer.com/listing/1995-mercedes-benz-c220-10/
34k-Mile 2005 Mercedes-Benz C320,1600003122023,True,https://bringatrailer.com/listing/2005-mercedes-benz-c320-4/
40k-Mile 2013 Mercedes-Benz C63 AMG Coupe P31 Development Package,3125002232023,True,https://bringatrailer.com/listing/2013-mercedes-benz-c63-amg-31/
40k-Mile 2003 Mercedes-Benz C32 AMG,2475002212023,True,https://bringatrailer.com/listing/2003-mercedes-benz-c32-amg-13/
49k-Mile 1996 Mercedes-Benz C280,1025002182023,True,https://bringatrailer.com/listing/1996-mercedes-benz-c280/
32k-Mile 2006 Mercedes-Benz C230 Sport Sedan,1375002172023,True,https://bringatrailer.com/listing/2006-mercedes-benz-c230-sport-10/
2016 Mercedes-AMG C63 S,3600002122023,True,https://bringatrailer.com/listing/2016-mercedes-amg-c63/
16k-Mile 1999 Mercedes-Benz C280 Sport,1500002112023,True,https://bringatrailer.com/listing/1999-mercedes-benz-c280-sport-6/
2006 Mercedes-Benz C55 AMG,1655002012023,True,https://bringatrailer.com/listing/2006-mercedes-benz-c55-amg-25/
2005 Mercedes-Benz C320,1241601292023,True,https://bringatrailer.com/listing/2005-mercedes-benz-c320-3/
6k-Mile 2012 Mercedes-Benz C63 AMG Coupe Black Series,18200001262023,True,https://bringatrailer.com/listing/2012-mercedes-benz-c63-amg-58/
2003 Mercedes-Benz C320 Sport Coupe 6-Speed,750001242023,True,https://bringatrailer.com/listing/2003-mercedes-benz-c320-sportcoupe-six-speed/
36k-Mile 2005 Mercedes-Benz C320 Sport Coupe,1660001222023,True,https://bringatrailer.com/listing/2005-mercedes-benz-c320-sport-coupe/
2005 Mercedes-Benz C230 Kompressor Sport Sedan,1175001172023,True,https://bringatrailer.com/listing/2005-mercedes-benz-c230-9/
2000 Mercedes-Benz C230 Kompressor,590001042023,True,https://bringatrailer.com/listing/2000-mercedes-benz-c230-kompressor-8/
20k-Mile 1999 Mercedes-Benz C43 AMG,2600001022023,True,https://bringatrailer.com/listing/1999-mercedes-benz-c43-amg-32/
23k-Mile 2005 Mercedes-Benz C230 Kompressor Sport Sedan,1480012292022,True,https://bringatrailer.com/listing/2005-mercedes-benz-c230-10/
35k-Mile 2005 Mercedes-Benz C230 Kompressor Sport Sedan,1300012202022,True,https://bringatrailer.com/listing/2005-mercedes-benz-c230-8/
39k-Mile 2015 Mercedes-AMG C63 S Edition 1 Sedan,4929012202022,True,https://bringatrailer.com/listing/2015-mercedes-amg-c63-amg-s-edition-1/
2007 Mercedes-Benz C230 Sport Sedan,960012132022,True,https://bringatrailer.com/listing/2007-mercedes-benz-c-8/
2k-Mile 2014 Mercedes-Benz C63 AMG Coupe Edition 507,8050712062022,True,https://bringatrailer.com/listing/2014-mercedes-benz-c63-amg-507-edition-3/
22k-Mile 2007 Mercedes-Benz C230 Sport Sedan,1675011302022,True,https://bringatrailer.com/listing/2007-mercedes-benz-c-7/
2012 Mercedes-Benz C63 AMG Sedan,2570011072022,True,https://bringatrailer.com/listing/2012-mercedes-benz-c63-amg-52/
1999 Mercedes-Benz C43 AMG,2000011062022,True,https://bringatrailer.com/listing/1999-mercedes-benz-c43-amg-31/
9k-Mile 2010 Mercedes-Benz C63 AMG Sedan,4200010302022,True,https://bringatrailer.com/listing/2010-mercedes-benz-c63-amg-15/
13k-Mile 2015 Mercedes-Benz C63 AMG Coupe Edition 507,6350010292022,True,https://bringatrailer.com/listing/2015-mercedes-benz-c63-amg-4/
2009 Mercedes-Benz C300 Sport 6-Speed,990010292022,True,https://bringatrailer.com/listing/2009-mercedes-benz-c300-5/
2002 Mercedes-Benz C32 AMG,2050010272022,True,https://bringatrailer.com/listing/2002-mercedes-benz-c32-amg-17/
"3,600-Kilometer 2012 Mercedes-Benz C63 AMG Coupe Black Series",16000010202022,True,https://bringatrailer.com/listing/2012-mercedes-benz-c63-amg-black-series-2/
28k-Mile 1998 Mercedes-Benz C43 AMG,3350010192022,True,https://bringatrailer.com/listing/1998-mercedes-benz-c43-amg-24/
Supercharged 2012 Mercedes-Benz C63 AMG P31 Development Package,3025010072022,True,https://bringatrailer.com/listing/2012-mercedes-benz-c63-amg-43-2/
Modified 2009 Mercedes-Benz C63 AMG,5350010052022,True,https://bringatrailer.com/listing/2009-mercedes-benz-c63-amg-32/
22k-Mile 2015 Mercedes-Benz C63 AMG Edition 507 Coupe,5700010022022,True,https://bringatrailer.com/listing/2015-mercedes-benz-c63-amg-2/
2007 Mercedes-Benz C280 4MATIC,1149909302022,True,https://bringatrailer.com/listing/2007-mercedes-benz-c-6/
32k-Mile 2012 Mercedes-Benz C63 AMG Coupe,4175009262022,True,https://bringatrailer.com/listing/2012-mercedes-benz-c63-amg-45/
9k-Mile 2014 Mercedes-Benz C63 AMG Sedan Edition 507,8100009252022,True,https://bringatrailer.com/listing/2014-mercedes-benz-c63-amg-19/
2006 Mercedes-Benz C55 AMG,1775009202022,True,https://bringatrailer.com/listing/2006-mercedes-benz-c55-amg-22/
5k-Mile 2010 Mercedes-Benz C63 AMG P31 Development Package,4900009182022,True,https://bringatrailer.com/listing/2010-mercedes-benz-c63-amg-14/
44k-Mile 1999 Mercedes-Benz C230 Kompressor,1005009052022,True,https://bringatrailer.com/listing/1999-mercedes-benz-c-230-kompressor/
2000 Mercedes-Benz C280,725009012022,True,https://bringatrailer.com/listing/2000-mercedes-benz-c280/
2014 Mercedes-Benz C63 AMG Sedan Edition 507,6700708312022,True,https://bringatrailer.com/listing/2014-mercedes-benz-c63-amg-17/
Supercharged 2013 Mercedes-Benz C63 AMG Coupe,3950008302022,True,https://bringatrailer.com/listing/2013-mercedes-benz-c63-amg-24/
32k-Mile 2005 Mercedes-Benz C230 Kompressor Sport Sedan,1600008252022,True,https://bringatrailer.com/listing/2005-mercedes-benz-c230-7/
Supercharged 2012 Mercedes-Benz C63 AMG,3450008192022,True,https://bringatrailer.com/listing/2012-mercedes-benz-c63-amg-43/
35k-Mile 2013 Mercedes-Benz C63 AMG Coupe,3700008182022,True,https://bringatrailer.com/listing/2013-mercedes-benz-c63-amg-25/
28k-Mile 2012 Mercedes-Benz C63 AMG Coupe Black Series,10750008142022,True,https://bringatrailer.com/listing/2012-mercedes-benz-c63-amg-39/
14k-Mile 2009 Mercedes-Benz C63 AMG,3300008102022,True,https://bringatrailer.com/listing/2009-mercedes-benz-c63-amg-31/
33k-Mile 2009 Mercedes-Benz C63 AMG,2875008052022,True,https://bringatrailer.com/listing/2009-mercedes-benz-c63-amg-29-2/
45k-Mile 2013 Mercedes-Benz C63 AMG,3675007252022,True,https://bringatrailer.com/listing/2013-mercedes-benz-c63-amg-26/
2002 Mercedes-Benz C320,932007232022,True,https://bringatrailer.com/listing/2002-mercedes-benz-c320-4/
1999 Mercedes-Benz C43 AMG,1530007072022,True,https://bringatrailer.com/listing/1999-mercedes-benz-c43-amg-26/
85-Mile 2013 Mercedes-Benz C250 Sport Coupe,2650006222022,True,https://bringatrailer.com/listing/2013-mercedes-benz-c-5/
33k-Mile 2009 Mercedes-Benz C63 AMG,2875006052022,True,https://bringatrailer.com/listing/2009-mercedes-benz-c63-amg-29/
5k-Kilometer 2012 Mercedes-Benz C63 AMG Coupe Black Series,18000006032022,True,https://bringatrailer.com/listing/2012-mercedes-benz-c63-amg-38/
18k-Mile 2006 Mercedes-Benz C55 AMG,2600005312022,True,https://bringatrailer.com/listing/2006-mercedes-benz-c55-amg-17/
35k-Mile 2011 Mercedes-Benz C63 AMG P31 Development Package,4675005242022,True,https://bringatrailer.com/listing/2011-mercedes-benz-c63-amg-16/
2016 Mercedes-Benz C450 AMG 4MATIC,3425005202022,True,https://bringatrailer.com/listing/2016-mercedes-benz-c450-2/
Supercharged 2014 Mercedes-Benz C63 AMG Edition 507,4650005122022,True,https://bringatrailer.com/listing/2014-mercedes-benz-c63-amg-10/
33k-Mile 2005 Mercedes-Benz C55 AMG,2275005122022,True,https://bringatrailer.com/listing/2005-mercedes-benz-c55-amg-34/
1999 Mercedes-Benz C43 AMG,2254305082022,True,https://bringatrailer.com/listing/1999-mercedes-benz-c43-amg-27/
2005 Mercedes-Benz C240 4MATIC,1315005062022,True,https://bringatrailer.com/listing/2005-mercedes-benz-c240-4matic-4/
35k-Mile 2000 Mercedes-Benz C280 Sport,1454905052022,True,https://bringatrailer.com/listing/2000-mercedes-benz-c280-sport-3/
33k-Mile 2009 Mercedes-Benz C63 AMG,3800004262022,True,https://bringatrailer.com/listing/2009-mercedes-benz-c63-amg-28/
Modified 2015 Mercedes-Benz C63 S AMG Sedan,4875004212022,True,https://bringatrailer.com/listing/2015-mercedes-benz-c-class-13/
Original-Owner 2014 Mercedes-Benz C63 AMG Coupe Edition 507,7000004072022,True,https://bringatrailer.com/listing/2014-mercedes-benz-c63-amg-8/
43k-Mile 2005 Mercedes-Benz C55 AMG,2650004062022,True,https://bringatrailer.com/listing/2005-mercedes-benz-c55-amg-33/
40k-Mile 2012 Mercedes-Benz C63 AMG Coupe,4875003272022,True,https://bringatrailer.com/listing/2012-mercedes-benz-c63-amg-37/
25k-MIle 2008 Mercedes-Benz C63 AMG,3950003262022,True,https://bringatrailer.com/listing/2008-mercedes-benz-c63-amg-5/
2006 Mercedes-Benz C230 Sport Sedan,1375003262022,True,https://bringatrailer.com/listing/2006-mercedes-benz-c230-sport-7/
2004 Mercedes-Benz C230 Kompressor Sport Coupe 6-Speed,862503222022,True,https://bringatrailer.com/listing/2004-mercedes-benz-c230-k/
2006 Mercedes-Benz C55 AMG,1825003202022,True,https://bringatrailer.com/listing/2006-mercedes-benz-c55-amg-15/
1995 Mercedes-Benz C36 AMG,1550003152022,True,https://bringatrailer.com/listing/1995-mercedes-benz-c36-amg-17/
2007 Mercedes-Benz C280 4MATIC,1100003132022,True,https://bringatrailer.com/listing/2007-mercedes-benz-c-5/
2005 Mercedes-Benz C55 AMG,2300003132022,True,https://bringatrailer.com/listing/2005-mercedes-benz-c55-amg-32/
27k-Mile 2009 Mercedes-Benz C63 AMG,4125003102022,True,https://bringatrailer.com/listing/2009-mercedes-benz-c63-amg-24/
2003 Mercedes-Benz C32 AMG,1550003022022,True,https://bringatrailer.com/listing/2003-mercedes-benz-c32-amg-10/
2010 Mercedes-Benz C300 Race Car,2025002262022,True,https://bringatrailer.com/listing/2010-mercedes-benz-c-5/
1995 Mercedes-Benz C220,850002232022,True,https://bringatrailer.com/listing/1995-mercedes-benz-c220-6-2/
2006 Mercedes-Benz C230 Sport 6-Speed,620002152022,True,https://bringatrailer.com/listing/2006-mercedes-benz-c230-sport-6/
2003 Mercedes-Benz C32 AMG,1525002122022,True,https://bringatrailer.com/listing/2003-mercedes-benz-c32-amg-9/
2012 Mercedes-Benz C63 AMG Coupe Black Series,10000001302022,True,https://bringatrailer.com/listing/2012-mercedes-benz-c63-amg-35/
One-Owner 2k-Mile 2010 Mercedes-Benz C63 AMG Sedan,5150001292022,True,https://bringatrailer.com/listing/2010-mercedes-benz-c63-amg-10/
44k-Mile 1999 Mercedes-Benz C230 Kompressor,1005001252022,True,https://bringatrailer.com/listing/1999-mercedes-benz-c230-kompressor-5/
44k-Mile 2011 Mercedes-Benz C63 AMG,3150001222022,True,https://bringatrailer.com/listing/2011-mercedes-benz-c63-amg-13/
27k-Mile 2000 Mercedes-Benz C230 Kompressor,1175001182022,True,https://bringatrailer.com/listing/2000-mercedes-benz-c230-kompressor-7/
45k-Mile 2005 Mercedes-Benz C55 AMG,2017501172022,True,https://bringatrailer.com/listing/2005-mercedes-benz-c55-amg-31/
2013 Mercedes-Benz C63 AMG P31,4025001152022,True,https://bringatrailer.com/listing/2013-mercedes-benz-c63-amg-19/
50k-Mile 1995 Mercedes-Benz C280,765001122022,True,https://bringatrailer.com/listing/1995-mercedes-benz-c280-4/
1995 Mercedes-Benz C220,730001112022,True,https://bringatrailer.com/listing/1995-mercedes-benz-c220-6/
2006 Mercedes-Benz C55 AMG,2675001102022,True,https://bringatrailer.com/listing/2006-mercedes-benz-c55-amg-13/
2002 Mercedes-Benz C320,1325012062021,True,https://bringatrailer.com/listing/2002-mercedes-benz-c320-2/
One-Owner 9k-Mile 2012 Mercedes-Benz C63 AMG Sedan,5050011242021,True,https://bringatrailer.com/listing/2012-mercedes-benz-c63-amg-32/
2015 Mercedes-Benz C63 AMG Coupe Edition 507,5810011232021,True,https://bringatrailer.com/listing/2015-mercedes-benz-c63-amg-507-edition-5/
9k-Mile 2012 Mercedes-Benz C63 AMG Black Series,15200011012021,True,https://bringatrailer.com/listing/2012-mercedes-benz-c63-amg-29/
1995 Mercedes-Benz C36 AMG,1900010272021,True,https://bringatrailer.com/listing/1995-mercedes-benz-c36-amg-15/
Original-Owner 25k-Mile 2009 Mercedes-Benz C63 AMG,3255010262021,True,https://bringatrailer.com/listing/2009-mercedes-benz-c63-amg-22/
14k-Mile 2006 Mercedes-Benz C230 Sport,1555010252021,True,https://bringatrailer.com/listing/2006-mercedes-benz-c230-sport-4/
14k-Mile 1999 Mercedes-Benz C280 Sport,2250010152021,True,https://bringatrailer.com/listing/1999-mercedes-benz-c280-sport-4/
2005 Mercedes-Benz C55 AMG,1725009292021,True,https://bringatrailer.com/listing/2005-mercedes-benz-c55-amg-29/
10k-Mile 2014 Mercedes-Benz C63 AMG Coupe Edition 507,5650709042021,True,https://bringatrailer.com/listing/2014-mercedes-benz-c63-amg-507-edition-2/
5.4L-Powered 1999 Mercedes-Benz C43 AMG,1975009012021,True,https://bringatrailer.com/listing/1999-mercedes-benz-c43-amg-24/
2005 Mercedes-Benz C55 AMG,2300007262021,True,https://bringatrailer.com/listing/2005-mercedes-benz-c55-amg-25/
39k-Mile 2004 Mercedes-Benz C32 AMG,1902307162021,True,https://bringatrailer.com/listing/2004-mercedes-benz-c32-amg-4/
16k-Mile 2015 Mercedes-AMG C63 Edition 507,4925106282021,True,https://bringatrailer.com/listing/2015-mercedes-benz-c63-amg-507-edition-4/
1998 Mercedes-Benz C43 AMG,1650006262021,True,https://bringatrailer.com/listing/1998-mercedes-benz-c43-amg-18/
2010 Mercedes-Benz C63 AMG P31 Development Package,3285006142021,True,https://bringatrailer.com/listing/2010-mercedes-benz-c63-amg-9/
36k-Mile 2006 Mercedes-Benz C55 AMG,2550006112021,True,https://bringatrailer.com/listing/2006-mercedes-benz-c55-amg-10/
46k-Mile 1995 Mercedes-Benz C220,775706072021,True,https://bringatrailer.com/listing/1995-mercedes-benz-c220-5/
1995 Mercedes-Benz C36 AMG,898806012021,True,https://bringatrailer.com/listing/1995-mercedes-benz-c36-amg-14/
31k-Mile 2011 Mercedes-Benz C63 AMG,3050005172021,True,https://bringatrailer.com/listing/2011-mercedes-benz-c63-amg-10/
1995 Mercedes-Benz C36 AMG,1225005082021,True,https://bringatrailer.com/listing/1995-mercedes-benz-c36-amg-13/
2012 Mercedes-Benz C63 AMG P31 Development Package,3600004012021,True,https://bringatrailer.com/listing/2012-mercedes-benz-c63-amg-23/
9k-Mile 2009 Mercedes-Benz C63 AMG,3525203212021,True,https://bringatrailer.com/listing/2009-mercedes-benz-c63-amg-18/
26k-Mile 2005 Mercedes-Benz C55 AMG,2600003202021,True,https://bringatrailer.com/listing/2005-mercedes-benz-c55-amg-21/
18k-Mile 2012 Mercedes-Benz C63 AMG Edition 1,3825003102021,True,https://bringatrailer.com/listing/2012-mercedes-benz-c63-amg-21/
1995 Mercedes-Benz C36 AMG,1748501272021,True,https://bringatrailer.com/listing/1995-mercedes-benz-c36-amg-11/
1995 Mercedes-Benz C36 AMG,1675001202021,True,https://bringatrailer.com/listing/1995-mercedes-benz-c36-amg-12/
2014 Mercedes-Benz C63 AMG Coupe,3350011192020,True,https://bringatrailer.com/listing/2014-mercedes-benz-c63-amg/
20k-Mile 1998 Mercedes-Benz C43 AMG,3280010072020,True,https://bringatrailer.com/listing/1998-mercedes-benz-c43-amg-15/
27k-Mile 2013 Mercedes-Benz C63 AMG P31 Development Package,3625009302020,True,https://bringatrailer.com/listing/2013-mercedes-benz-c63-amg-10/
25k-Mile 2003 Mercedes-Benz C320 4MATIC Sport Wagon,1090009282020,True,https://bringatrailer.com/listing/2003-mercedes-benz-c320-4matic-wagon-2/
1995 Mercedes-Benz C36 AMG,2550009082020,True,https://bringatrailer.com/listing/1995-mercedes-benz-c36-amg-9/
18k-Mile 2009 Mercedes-Benz C63 AMG,3600006052020,True,https://bringatrailer.com/listing/2009-mercedes-benz-c63-amg-13/
42k-Mile 1995 Mercedes-Benz C220,605004142020,True,https://bringatrailer.com/listing/1995-mercedes-benz-c220-4/
2005 Mercedes-Benz C55 AMG,975003202020,True,https://bringatrailer.com/listing/2005-mercedes-benz-c55-amg-20/
1999 Mercedes-Benz C43 AMG,1200003162020,True,https://bringatrailer.com/listing/1999-mercedes-benz-c43-amg-19/
1997 Mercedes-Benz C36 AMG,675002182020,True,https://bringatrailer.com/listing/1997-mercedes-benz-amg-c36/
20k-Mile 2009 Mercedes-Benz C63 AMG,3050002132020,True,https://bringatrailer.com/listing/2009-mercedes-benz-c63-amg-11/
2012 Mercedes-Benz C63 AMG Coupe Black Series,7400001242020,True,https://bringatrailer.com/listing/2012-mercedes-benz-c63-amg-10/
48k-Mile 1999 Mercedes-Benz C280 Sport,700201102020,True,https://bringatrailer.com/listing/1999-mercedes-benz-c280-sport/
1998 Mercedes-Benz C43 AMG,1550001092020,True,https://bringatrailer.com/listing/1998-mercedes-benz-c43-amg-12/
2002 Mercedes-Benz C32 AMG,1000012262019,True,https://bringatrailer.com/listing/2002-mercedes-benz-c32-amg-kompressor-11/
1995 Mercedes-Benz C36 AMG,1330012192019,True,https://bringatrailer.com/listing/1995-mercedes-benz-c36-amg-7/
1999 Mercedes-Benz C43 AMG,1025011142019,True,https://bringatrailer.com/listing/1999-mercedes-benz-c43-amg-11/
1996 Mercedes-Benz C36 AMG,503610252019,True,https://bringatrailer.com/listing/1996-mercedes-benz-c36-amg-9/
5.4L-Powered 1999 Mercedes-Benz C43 AMG,1000010232019,True,https://bringatrailer.com/listing/1999-mercedes-benz-c43-54l/
2002 Mercedes-Benz C32 AMG Kompressor,1225007312019,True,https://bringatrailer.com/listing/2002-mercedes-benz-c32-amg-kompressor-10/
1997 Mercedes-Benz C36 AMG,990007092019,True,https://bringatrailer.com/listing/1997-mercedes-benz-c36/
22k-Mile 1999 Mercedes-Benz C230 Kompressor,880004262019,True,https://bringatrailer.com/listing/1999-mercedes-benz-c230-kompressor/
2014 Mercedes-Benz C63 AMG Coupe,2800004032019,True,https://bringatrailer.com/listing/2014-mercedes-benz-c-class-7/
2000 Mercedes-Benz C280 Sport,770003292019,True,https://bringatrailer.com/listing/2000-mercedes-benz-c280-sport/
1998 Mercedes-Benz C43 AMG,850003072019,True,https://bringatrailer.com/listing/1998-mercedes-benz-c43-amg-8/
1995 Mercedes-Benz C36 AMG,1600003052019,True,https://bringatrailer.com/listing/1995-mercedes-benz-c36-amg-6/
24k-Mile 1998 Mercedes-Benz C280 Sport,910002042019,True,https://bringatrailer.com/listing/1998-mercedes-benz-c280-sport/
2010 Mercedes-Benz C63 AMG,2950001172019,True,https://bringatrailer.com/listing/2010-mercedes-benz-c63-amg-2/
33k-Mile 1995 Mercedes-Benz C36 AMG,1850009252018,True,https://bringatrailer.com/listing/1995-mercedes-benz-c36-amg-5/
40k-Mile 2005 Mercedes-Benz C55 AMG,1777709042018,True,https://bringatrailer.com/listing/2005-mercedes-benz-c55-amg-13/
2005 Mercedes-Benz C55 AMG,975007192018,True,https://bringatrailer.com/listing/2005-mercedes-benz-c55-amg-12/
30K-Mile 2008 Mercedes-Benz C63 AMG,2150006042018,True,https://bringatrailer.com/listing/2008-mercedes-benz-c63-amg-2/
41K-Mile 1996 Mercedes-Benz C36 AMG,1625005292018,True,https://bringatrailer.com/listing/1996-mercedes-benz-c36-amg-4/
1998 Mercedes-Benz C43 AMG,1245002212018,True,https://bringatrailer.com/listing/1998-mercedes-benz-c43-amg-3/
2005 Mercedes-Benz C55 AMG,1050012222017,True,https://bringatrailer.com/listing/2005-mercedes-benz-c55-amg-6/
One-Owner 2006 Mercedes-Benz C350 Sport 6-Speed,850011092017,True,https://bringatrailer.com/listing/2006-mercedes-benz-c-350-sport/
2005 Mercedes-Benz C55 AMG,1400009292017,True,https://bringatrailer.com/listing/2005-mercedes-benz-c55-amg-4/
41K-Mile 1996 Mercedes-Benz C36 AMG,1000009152017,True,https://bringatrailer.com/listing/1996-mercedes-benz-c36-amg-2/
51K-Mile 1995 Mercedes-Benz C36 AMG,1350008232017,True,https://bringatrailer.com/listing/1995-mercedes-benz-c36-amg-3/
1995 Mercedes-Benz C36 AMG,540008012017,True,https://bringatrailer.com/listing/1995-mercedes-benz-c36-amg-2/
1996 Mercedes-Benz C36 AMG,525007202017,True,https://bringatrailer.com/listing/1996-mercedes-benz-c36-amg-3/
1999 Mercedes-Benz C43 AMG,650007102017,True,https://bringatrailer.com/listing/1999-mercedes-benz-c43-amg-2/
46K-Mile 2009 Mercedes-Benz C63 AMG,2600006262017,True,https://bringatrailer.com/listing/2009-mercedes-benz-c63-amg-2/
Original-Owner 1999 Mercedes-Benz C43 AMG,820103142017,True,https://bringatrailer.com/listing/1999-mercedes-benz-c43-amg/
2009 Mercedes-Benz C300 Sport Sedan 6-Speed,1310009012016,True,https://bringatrailer.com/listing/2009-mercedes-c300-sport-sedan/
